County,Market Name,Location,Address Line 1,City,State,Zip,Contact,Phone,Market Link,Operation Hours,Operation Season,Operating Months,FMNP,SNAP,Latitude,FCC Issued,Longitude,FCC Accepted,Location Points
Albany,CDPHP Farmers' Market,"CDPHP prkg lot off Washington Ave., 500 Patroon Creek Blvd. Albany",500 Patroon Creek Bvld.,Albany,NY,12206,Randy Tryon,5186415611,http://www.cdphp.com,Thursday  11am-1:30pm,June 7-October 4,P/M,Y,N,42.68418,N,-73.80587,Y,"(42.68418, -73.80587)"
Albany,Colonie Farmers' Market at the Crossings,580 Albany Shaker Rd. Loudonville,580 Albany Shaker Rd,Colonie,NY,12211,Laura Archambault,5183301380,http://www.colonie.org,Saturday  9am-1pm,May 19-September 29,P/M,Y,N,42.71016,N,-73.78029,Y,"(42.71016, -73.78029)"
Albany,Constantine Farm Stand,566 Albany Shaker Rd.  Loudonville,566 Albany Shaker Road,Loudonville,NY,12211,Emily Wrieden,5184588294,http://www.constantinefarms.com,"Mon-Sat  8am-5pm, Sunday  9am-5pm",May 1-December 24,P/M/X,Y,N,42.71722,N,-73.78613,Y,"(42.71722, -73.78613)"
Albany,Cook Park Farmers' Market,Sharon Drive Pavilion Cook Park Colonie,3 Sharon drive,Colonie,NY,12205,Krysta Dennis,5186692636,http://www.cookparkfarmersmarket.com,Thursday  4pm-7pm,May 16-October 3,P/M,Y,N,42.70742,N,-73.83453,Y,"(42.70742, -73.83453)"
Albany,Delmar Saturday Farmers' Market,"Bethlehem Central Middle School, 332 Kenwood Avenue",332 Kenwood Avenue,Delmar,NY,12054,Ken Myer,5184871991,http://www.delmarmarket.org,Saturday  9am-1pm,May 5-November 24,P/M,Y,Y,42.6212,Y,-73.82577,Y,"(42.6212, -73.82577)"
Albany,Delmar Tuesday Farmers' Market,"First United Methodist Church Lot, 428 Kenwood Ave.",428 Kenwood Ave,Delmar,NY,12054,Richard Rugen,5188634711,https://www.facebook.com/TuesdayDelmarFarmersMarket/,Tuesday  2:30pm-6pm,May 1-November 20,P/M,Y,N,42.62298,N,-73.83623,Y,"(42.62298, -73.83623)"
Albany,Empire State Plaza Friday Farmers' Market,Empire State Plaza,170 State St,Albany,NY,12210,Jason Rumpf,5184732982,http://www.ogs.ny.gov,Friday  10am-2pm,March 23-October 12,P/M,Y,Y,42.65162,Y,-73.75692,Y,"(42.65162, -73.75692)"
Albany,Lansing Farm Market,"204 Lisha Kill Rd, Hamlet of Lisha Kill",204 Lisha Kill,Niskayuna,NY,12309,Al Lansing,5184640889,http://www.lansingfarmmarket.com,"Mon/Wed/Fri  9am-7pm, Tue/Thu  9am-6pm, Sunday  9am-5pm",May 1-November 22,P/M,Y,N,42.7629,N,-73.85447,Y,"(42.7629, -73.85447)"
Albany,New Covenant Farmers' Market,"New Covenant Presbyterian Church, 916 Western Ave. Albany",916 Western Ave,Albany,NY,12203,Katy Stenta,5184828063,https://www.facebook.com/NewCovenantFarmersMarket/,Tuesday  3pm-6pm,May 22-October 2,P/M,Y,N,42.67228,N,-73.81026,Y,"(42.67228, -73.81026)"
Albany,The Gade Farm Farm Stand,2479 Western Avenue Altamont,2479 Western Avenue,Altamont,NY,12009,Amy Castillo,5188698019,http://www.gadefarm.com,"Saturday  9am-6pm, Sunday  9am-5pm, Mon-Fri  9am-6:30pm",March 23-December 24,P/M/X,Y,N,42.71055,N,-73.92593,Y,"(42.71055, -73.92593)"
Allegany,Belmont Farmers' Market,5429 NYS Route 19 N,5429 NYS Route 19 N,Belmont,NY,14813,Phyllis Couture,7169423710,,Thursday  11am-5pm,May 24-October 25,P/M,Y,Y,42.2356,N,-78.05212,Y,"(42.2356, -78.05212)"
Allegany,Riverside Farms Farm Market,3314 Riverside Drive  Scio,3314 Riverside Drive,Scio,NY,14895,Jan Ruprecht,5858086405,,"Mon-Thu  11am-6pm, Fri/Sat  10am-7pm, Sunday  12pm-6pm",April 14-December 30,P/M/X,Y,N,42.14093,N,-77.97553,Y,"(42.14093, -77.97553)"
Allegany,Wagoner Bees & Produce Farm Stand,11137 Wayne Rd.  Fillmore,11137 Wayne Rd.,Fillmore,ny,14735,Terry Wagoner,5856108836,http://facebook.com/wagonerbees,"Sun/Tue  12pm-5pm, Mon/Fri  1pm-5pm, Wed  10am-5pm, Sat  12pm-6pm",May 11-November 30,P/M,Y,Y,42.48057,N,-78.09042,Y,"(42.48057, -78.09042)"
Bronx,BronxWorks Farm Stand,1130 Grand Concourse,1130 Grand Concourse,Bronx,NY,10456,Carolina Espinosa,7185083098,,Thursday  2pm-6pm,April 4-November 15,P/M,Y,N,40.83256,N,-73.9192,Y,"(40.83256, -73.9192)"
Bronx,Healthy Choice Farmers' Market Farm Stand,1434 Longfellow Ave. Bronx,1434 Longfellow Ave.,Bronx,NY,10459,Sandy Helms,7185893060,,Thu  11:30am-1:00pm,April 12-August 9,P/M,Y,N,40.830746,N,-73.886882,Y,"(40.830746, -73.886882)"
Bronx,Wholesale Greenmarket,290 Halleck St. at Viele Ave.,Halleck Street and Viele Avenue,Bronx,NY,10474,Pam Knepper,2127887900,https://www.grownyc.org/wholesale,Tue-Sat  2am-8am,April 11-November 17,P/M,Y,N,40.80752,N,-73.87989,Y,"(40.80752, -73.87989)"
Broome,Vestal Farmers' Market,"Library parking lot, near museum, 320 Vestal Pkwy East (Rt. 434)",320 Vestal Pkwy East,Vestal,NY,13850,MaKenzie Darrow,6072065742,https://www.facebook.com/VestalFarmersMarket,Sat/Wed  9am-1pm,May 26-November 21,P/M,Y,N,42.087322,N,-76.045678,Y,"(42.087322, -76.045678)"
Cattaraugus,Miller's Farm Market,1685 Olean Portville Rd. Olean,1685 Olean Portville Rd.,Olean,NY,14760,Keith Miller,7163722521,,"Mon-Sat  9am-6pm, Sunday  9am-5pm",April-December,P/M/X,Y,N,42.071439,N,-78.39814,Y,"(42.071439, -78.39814)"
Cattaraugus,Olean Southern Tier Farmers' Market,Tractor Supply Store 1900 Constitution Ave.,1900 Constitution Ave,Olean,NY,14760,Phyllis Couture,7169423710,,Friday  2pm-6pm,May 25-October 26,P/M,Y,Y,42.08294,N,-78.45503,Y,"(42.08294, -78.45503)"
Cattaraugus,R.E.A.P. Olean Farmers' Market,Olean Mall  400 N. Union St.,400 N. Union St.,Olean,NY,14760,Geoff Buckner,7169337100,http://www.oleanfarmersmarket.com,Saturday  8am-1pm,May 12-October 27,P/M,Y,Y,42.08329,N,-78.42987,Y,"(42.08329, -78.42987)"
Cattaraugus,Salamanca Farmers' Market,12 Park Ave. Jefferson Park,12 Park Ave,Salamanca,NY,14779,Phyllis Couture,7169423710,,Tuesday  11am-5pm,May 22-October 30,P/M,Y,Y,42.15497,N,-78.71739,Y,"(42.15497, -78.71739)"
Cayuga,Badman's Bushel Basket,14698 Route 90  Cortland,14698 Route 90,Cortland,NY,13045,Scott Badman,6077495233,,Tue-Sun  9am-6:30pm,May 9-October 30,P/M,Y,N,42.63978,N,-76.27522,Y,"(42.63978, -76.27522)"
Chautauqua,Fredonia Farmers' Market,"Village Hall Barker Commons , 9-11 Church St.",11 Church St,Fredonia,NY,14063,Wendy Lord,7164102276,http://www.facebook.com/FredoniaFarmersMarket,Saturday  9am-1pm,May 19-October 27,P/M,Y,Y,42.44064,N,-79.33235,Y,"(42.44064, -79.33235)"
Chautauqua,Fredonia WINTER Farmers' Market,321 East Main St. (Rt 20) Masonic Forest Lodge,321 East Main St. (Rte 20),Fredonia,NY,14063,Anneliese Bruegel,7169652716,http://www.facebook.com/FredoniaFarmersMarket,Saturday 10am-1pm,November 3-May 11,M/X/W/P,N,Y,42.44764,Y,-79.315,Y,"(42.44764, -79.315)"
Chautauqua,Roberto Fred Farm Stand,10655 Temple Rd Dunkirk,10655 Temple Rd,Dunkirk,NY,14048,Roberto Fred,7163667200,,Daily  9am-6pm,May-November,P/M,Y,Y,42.464201,N,-79.361694,Y,"(42.464201, -79.361694)"
Chautauqua,Westfield Farmers' Market,Rt 20 and Rt 394,Rt 20 and Rt 394,Westfield,NY,14787,Kathleen Mayer,7167530367,http://www.westfieldny.com/farmers-market,Saturday  9am-2pm,May 26-September 29,P/M,Y,N,42.32203,N,-79.57812,Y,"(42.32203, -79.57812)"
Chemung,Elmira Wisner Park Farmers' Market,Wisner Park 200 N Main Street,200 N Main St,Elmira,NY,14901,Jennifer Herrick,6077340341,http://www.wisnermarket.org,Thursday  10am-2pm,May 31-September 27,P/M,Y,Y,42.08943,Y,-76.80801,Y,"(42.08943, -76.80801)"
Chenango,Enough...and a Little Bit More Farm Stand,4776 State Highway 41 Greene,4776 State Highway 41,Greene,NY,13778,Jim Girton,6076567242,http://www.enoughandalittlebitmore.com,"Mon-Fri  11am-6pm, Sat/Sun  3pm-7pm",May 1-October 31,P/M,Y,N,42.37041,N,-75.78369,Y,"(42.37041, -75.78369)"
Chenango,Oxford WINTER Farmers' Market,"St. Paul's Parish House Comm Ctr, 34 Main St. Oxford",34 Main St.,Oxford,NY,13830,Mina Takahashi,6072266843,https://www.facebook.com/OxfordNYFarmersMarket,1st Saturday  10am-1pm,November-April,M/X/W/P,N,N,42.440234,N,-75.594121,Y,"(42.440234, -75.594121)"
Chenango,Pires Farmers' Market,6066 State Hwy 12  Norwich,6066 State Highway 12,Norwich,NY,13815,Richard Williams,6073342676,,"Mon-Sat  9am-5pm, Sunday  10am-2pm",May 1-November 31,P/M,Y,N,42.54525,N,-75.52498,Y,"(42.54525, -75.52498)"
Clinton,Northern Orchard Farm Stand,470 Union Road Peru,470 Union Road,Peru,NY,12972,Jenna Mulbury,5186439718,http://www.northernorchard.com,Daily  10am-6pm,May 1-December 23,P/M/X,Y,Y,44.5569,N,-73.53324,Y,"(44.5569, -73.53324)"
Clinton,Plattsburgh Sat Farmers and Craft Market,City parking lot  Durkee & Broad St.,Broad St and Durkee St,Plattsburgh,NY,12901,Bonnie Gonyo,5184934644,https://www.facebook.com/pages/Plattsburgh-Farmers-and-Crafters-Market/121588034547095,Saturday  9am-2pm,May 12-October 6,P/M,Y,Y,44.69535,Y,-73.45226,Y,"(44.69535, -73.45226)"
Clinton,Plattsburgh Wed Farmers' & Crafters Market,City parking lot  Durkee & Broad St.,Broad St and Durkee St,Plattsburgh,NY,12901,Bonnie Gonyo,5184934644,https://www.facebook.com/pages/Plattsburgh-Farmers-and-Crafters-Market/121588034547095,Wednesday  10am-2pm,June 27-September 26,P/M,Y,Y,44.69535,Y,-73.45226,Y,"(44.69535, -73.45226)"
Clinton,Pray's Family Farm Stand,391 Route 9N  Keeseville,391 Route 9N,Keeseville,NY,12944,Darcy Pray,5188349130,http://www.praysmarket.com,Daily  9am-6pm,May 1-October 31,P/M,Y,N,44.49367,N,-73.50798,Y,"(44.49367, -73.50798)"
Columbia,City of Hudson Farmers' Market,DMV parking lot Sixth & Columbia Sts.,Columbia St and North 6th St,Hudson,NY,12534,Branda Maholtz,5188287217,http://www.hudsonfarmersmarketny.com,Saturday  9am-1pm,April 28-November 17,P/M,Y,Y,42.24866,Y,-73.78369,Y,"(42.24866, -73.78369)"
Columbia,Copake Hillsdale Farmers' Market,Roeliff Jansen Park 9140 Route 22,9140 Route 22,Hillsdale,NY,12529,Diane Creed,5183251430,http://www.copakehillsdalefarmersmarket.com,Saturday  9am-1pm,May 26-October 27,P/M,Y,Y,42.17077,N,-73.51771,Y,"(42.17077, -73.51771)"
Columbia,Hudson WINTER Farmers' Market,601 Union St.,601 Union St.,Hudson,NY,12534,Marilyn Cederoth,5189650552,,Saturday  10am-1pm,"Dec, February-April",X/W/P,N,N,42.24738,N,-73.78535,Y,"(42.24738, -73.78535)"
Columbia,Kinderhook Farmers' Market,Kinderhook Village Square 1 Hudson St,US Route 9 and Hudson St,Kinderhook,NY,12106,Kim Voltz,5187559293,http://www.kinderhookfarmersmarket.com,Sat  8:30am-12:30pm,May 5-October 13,P/M,Y,N,42.3954,N,-73.69817,Y,"(42.3954, -73.69817)"
Columbia,Scarecrow Farm Stand,20 Old Barrington Rd Claverack,20 Old Barrington Rd,Claverack,NY,12534,Virginia Ambrose,5188212453,,Fri/Sat/Sun 10am-5pm,May1-December 24,P/M,Y,N,42.2105,N,-73.67909,Y,"(42.2105, -73.67909)"
Cortland,Cincinnatus Farmers' Market,"Cortland-Chenango Rural Services, 2704 Lower Cincinnatus Rd.",2704 Lower Cincinnatus Rd,Cincinnatus,NY,13040,Paul Halstead,6078368972,,Saturday  9am-12pm,May 12-November 17,P/M,Y,N,42.53812,N,-75.89662,Y,"(42.53812, -75.89662)"
Cortland,Dave's Veggies Farm Market,5178 NYS Route 41 Homer,5178 NY-41,Homer,NY,13077,David Root,6077494955,http://www.facebook.com/daves.veggies,Daily  12pm-6pm,May 1-October 31,P/M,Y,Y,42.659118,N,-76.203042,Y,"(42.659118, -76.203042)"
Cortland,Homer Farmers' Market,28 Main St.,28 Main Street,Homer,NY,13077,Kristen Case,6077493322,https://www.facebook.com/homerfarmersmarket/,"Saturday  9am-12pm, Wed  4pm-6pm",May 19-October 27,P/M,Y,Y,42.63966,N,-76.17827,Y,"(42.63966, -76.17827)"
Cortland,Plunkett Farms Farm Stand,2180 Tower Road Cortland,2180 Tower Road,Cortland,NY,13045,John and Carla Plunkett,6077530001,,Daily 8am-6pm,May 16-November 30,P/M,Y,N,42.55495,N,-76.13123,Y,"(42.55495, -76.13123)"
Delaware,Franklin Farmers' Market,Chapel Hall 25 Institute St.,25 Institute St.,Franklin,NY,13775,Brian Brock,5187060612,https://www.facebook.com/Franklin-NY-Farmers-Market-123602750996783/,Sunday  10am-2pm,May 28-October 7,P/M,Y,N,42.33901,N,-75.1672,Y,"(42.33901, -75.1672)"
Delaware,Pakatakan Farmers' Market,"Round Barn of Halcottville, 46676 State Hwy 30",46676 State Highway 30,Halcottville,NY,12438,Madalyn Warren,6073266177,http://roundbarnmarket.org,"Saturday  9am-2pm, Oct 20-Nov 10am-1pm",May 19-November 24,P/M,Y,N,42.20103,N,-74.59909,Y,"(42.20103, -74.59909)"
Dutchess,Amenia Farmers' Market,Amenia Town Hall 4988 Route 22,4974 Route 22,Amenia,NY,12501,Sophie Purdy Meili,4133297389,,Fridays  3pm-7:30pm,May-October,P/M,N,Y,41.851201,N,-73.555719,Y,"(41.851201, -73.555719)"
Dutchess,Amenia WINTER Farmers' Market,Amenia Town Hall 4988 Route 22,4988 New York 22,Amenia,NY,12501,Sophie Purdy Meili,4133297389,http://www.ameniafarmersmarket.com,"Saturday  10am-2pm, 1st & 3rd Saturday  Jan-Apr",November-April,M/X/W/P,N,Y,41.851397,N,-73.554943,Y,"(41.851397, -73.554943)"
Dutchess,Arlington Farmers' Market,"Vassar College Alumni Lawn , 123 Raymond Ave. Poughkeepsie",123 Raymond Ave,Poughkeepsie,NY,12603,Bob Legacy,9144747533,http://www.arlingtonhasit.org,Thursday  3pm-7pm,May 31-October 25,P/M,Y,N,41.68187,N,-73.89636,Y,"(41.68187, -73.89636)"
Dutchess,Beacon Farmers' Market,"Veteran's Place, btwn Henry & Main st.",Veteran's Place,Beacon,NY,12508,Paloma Wake,5108514265,,Sunday  10am-3pm,May 6-November 18,P/M,Y,Y,41.50377,Y,-73.96848,Y,"(41.50377, -73.96848)"
Dutchess,Beacon WINTER Farmers' Market,413 Main St.,413 Main Street,Beacon,NY,12508,Paloma Wake,5108514265,,Sunday  10am-2pm,December 2-April 7,X/W/P,Y,Y,41.50321,Y,-73.96674,Y,"(41.50321, -73.96674)"
Dutchess,Rhinebeck Farmers' Market,Municipal lot 61 E. Market St.,61 East Market St,Rhinebeck,NY,12572,Andrea Bartolomeo,5188211481,http://www.rhinebeckfarmersmarket.com,Sunday  10am-2pm,May 13-December 30,P/M,Y,Y,41.92704,N,-73.91027,Y,"(41.92704, -73.91027)"
Dutchess,Village of Fishkill Farmers' Market,Old Grand Union lot 1004 Main St. Rt. 52,1004 Main St,Fishkill,NY,12524,Julie Spann,9144565120,http://www.vofishkill.us,Thu  11:30am-6:30pm,May 31-October 25,P/M,Y,N,41.53212,N,-73.90574,Y,"(41.53212, -73.90574)"
Erie,Alden Farmers' Market,"13119 Broadway (Route 20) , btwn Tractor Supply & Save a Lot",13119 Broadway,Alden,NY,14004,Alyssa Cooper,7169376177,http://www.aldenny.org,Saturday  8:30am-1pm,May 12-October 13,P/M,Y,N,42.89784,N,-78.49904,Y,"(42.89784, -78.49904)"
Erie,Downtown Buffalo Country Market,350 Main St. outside btwn Court & Church Streets,344 Main Street,Buffalo,NY,14202,Jillian Johnson,7168563150,,Tue/Thu  10am-2:30pm,May 17-October 25,P/M,Y,Y,42.88418,N,-78.87491,Y,"(42.88418, -78.87491)"
Erie,East Aurora Farmers Market-Saturday,Aurora Village (TOPS) Plaza 123 Grey St.,123 Grey St,East Aurora,NY,14052,Barbara Andres,7163482801,http://facebook.com/EastAuroraFarmersMarket,Sat  7am-1pm,May 5-November 21,P/M,Y,Y,42.76593,N,-78.63413,Y,"(42.76593, -78.63413)"
Erie,East Aurora Farmers' Market-Wednesday,Aurora Village (TOPS) Plaza 123 Grey St.,123 Grey St,East Aurora,NY,14052,Barbara Andres,7163482801,http://facebook.com/EastAuroraFarmersMarket,Wed  7am-1pm,May 5-November 21,P/M,Y,Y,42.76593,Y,-78.63413,Y,"(42.76593, -78.63413)"
Erie,Elmwood Village Farmers' Market,Bidwell Parkway corner of Elmwood Ave.,Elmwood Ave and Bidwell Pkwy,Buffalo,NY,14222,Karen Vilonen,7166915388,http://www.elmwoodvillage.org,Saturday  8am-1pm,May 12-November 24,P/M,Y,Y,42.92371,N,-78.87702,Y,"(42.92371, -78.87702)"
Erie,Hamburg Farmers' Market,Village municipal parking lot at Main & Buffalo Sts. (enter on Main & Union Sts),30 Buffalo St,Hamburg,NY,14075,Jamie Decker,7166497917,http://www.hamburg-chamber.org,Saturday  7:30am-1pm,May 5-October 27,P/M,Y,N,42.71677,N,-78.82994,Y,"(42.71677, -78.82994)"
Erie,Holland Farmers' Market,Municipal lot Route 16 Next to Fire Hall,25 North Main St,Holland,NY,14080,Marg Wnek,7165379590,http://www.thehollandmkt.com,Sunday  8:30am-1pm,May 6-October 28,P/M,Y,N,42.64149,N,-78.54248,Y,"(42.64149, -78.54248)"
Erie,Kwilos Farm Farm Stand,7678 Erie Rd.  Derby,7678 Erie Rd.,Derby,NY,14074,Joseph Kwilos,7165496201,,"Mon-Sat  9am-6pm, Saturday  10am-6pm",May 10-October 31,P/M,Y,N,42.67729,N,-79.02178,Y,"(42.67729, -79.02178)"
Erie,Tonawanda Community Farmers' Market,13 Young St.  Tonawanda,13 Young Street,Tonawanda,NY,14150,Charles Gilbert,7166958646,http://www.tonawandacity.com,Sunday  10am-2pm,May 6-October 14,P/M,Y,N,43.02036,N,-78.87628,Y,"(43.02036, -78.87628)"
Erie,Williamsville Mill Farmers' Market,"Amherst Town Hall Parking Lot, 5583 Main St.",5583 Main St,Williamsville,NY,14221,Ellie Grenauer,7169846572,http://www.williamsvillefarmersmarket.com,Saturday  8am-1pm,May 19-October 27,P/M,Y,N,42.962438,N,-78.745756,Y,"(42.962438, -78.745756)"
Franklin,Whitten Family Farm Stand-The Hub,320 Park St.  Tupper Lake,320 Park Street,Tupper Lake,NY,12986,Cherie Whitten,3153285559,http://www.whittenfamilyfarm.com,Thu/Fri  12pm-7pm,May 31-October 26,P/M,Y,N,44.22528,N,-74.44821,Y,"(44.22528, -74.44821)"
Fulton,Gloversville Farmers' Market,Elm Street Pavilion,9 Elm Street,Gloversville,NY,12078,Michael Tillson,5188829306,http://www.fmfma.org,Sat  8:30am-12:30pm,May 5-October 20,P/M,Y,Y,43.052604,Y,-74.345796,Y,"(43.052604, -74.345796)"
Fulton,Northville Friday Farmers' Market,"Waterfront Park, S. Main St.",162 South Main St,Northville,NY,12134,Wendy Reu,5188634211,http://www.villageofnorthville.com/attraction/northville-farmers-market/,Friday  2pm-5pm,May-Mid-October,P/M,Y,N,43.22568,N,-74.17102,Y,"(43.22568, -74.17102)"
Greene,Black Horse Farms Farm Stand,10094 Rt. 9W,10094 Rte 9W,Athens,NY,12015,Chellie Apa,5187318776,http://www.blackhorsefarms.com,Daily  9am-5pm,March 24-December 24,W/P/M/X,Y,N,42.30634,N,-73.85043,Y,"(42.30634, -73.85043)"
Herkimer,Dolgeville Farmers' Market,Village Pavilion on S. Helmer Ave.,South Helmer Avenue,Dolgeville,NY,13329,Barbara Campbell,3154293548,https://www.facebook.com/DolgevilleFarmersMarket/,Saturday  9am-1pm,May 26-October 27,P/M,Y,N,43.10057,N,-74.7755,Y,"(43.10057, -74.7755)"
Herkimer,Dolgeville WINTER Farmers'  Market,78 South Main Street Askarada Place,78 South Main Street,Dolgeville,NY,13329,Dean Foreman,5187289602,,"1st and 3rd Sats  9am-1pm, Sats weekly in December",January-April,W/P,N,N,43.09993,N,-74.77387,Y,"(43.09993, -74.77387)"
Herkimer,Juliano's Farm Market FS,2365 State Route 5 Utica,2365 State Route 5,Utica,NY,13502,Deborah E Juliano,3157230022,,"Mon-Sat 8am-6pm, Sunday 8am-4pm",April 9-November 1,P/M,Y,N,43.09608,N,-75.14626,Y,"(43.09608, -75.14626)"
Herkimer,Little Falls Farmers' & Flea Market,M&T Bank parking lot  Albany St.,Albany Street and 2nd Street,Little Falls,NY,13365,Mary Davis,3158662619,,Saturday  8am-12pm,May 5-October 27,P/M,Y,N,43.04284,N,-74.85828,Y,"(43.04284, -74.85828)"
Herkimer,Little Falls WINTER Farmers Market,Travelodge 20 Albany St.,20 Albany St.,Little Falls,NY,13365,Michael Skwara,3159850088,,2nd & 4th Sat  9am-1pm,November-April,M/X/W/P,N,N,43.042006,N,-74.859812,Y,"(43.042006, -74.859812)"
Herkimer,Salisbury Farmers' Market,Town Hall Parking Lot 126 State Route 29A,126 State Route 29A,Salisbury Center,NY,13329,Gina Thompson,3154299102,https://www.facebook.com/salisburyfarmersmarket13454/,Friday  9am-1pm,May 25-October 12,P/M,Y,N,43.14304,N,-74.78544,Y,"(43.14304, -74.78544)"
Jefferson,Alexandria Bay Farmers' Market,Kinney Drugs Route 12,21 Route 12,Alexandria Bay,NY,13607,Keri Jobson,3154829531,http://www.visitalexbay.org,Friday  9am-3pm,May 25-September 14,P/M,N,N,44.33191,N,-75.91425,Y,"(44.33191, -75.91425)"
Jefferson,Carthage Farmers' Market,"Farmers Market Pavilion , 150 Riverside Dr. (behind Carthage Rescue Squad)",150 Riverside Drive,Carthage,NY,13619,Jeanette Turner,3154933590,http://www.carthageny.com,Friday  7am-2pm,May 25-October 26,P/M,Y,N,43.97714,N,-75.61247,Y,"(43.97714, -75.61247)"
Jefferson,Watertown Farm & Craft Market,"317 Washington St. , Dulles State Office Bldg.",317 Washington Street,Watertown,NY,13601,Kylie Peck,3157884400,http://www.watertownny.com,Wed 6:30am-3pm,May 23-October 10,P/M,Y,Y,43.97173,N,-75.91116,Y,"(43.97173, -75.91116)"
Kings,Bay Ridge Greenmarket,3rd Ave. & 95th St. inside Walgreen's parking lot,Third Ave and 95th St,Brooklyn,NY,11209,Pam Knepper,2127887900,http://www.grownyc.org/greenmarket,Saturday  8am-3pm,May 5-November 17,P/M,Y,Y,40.61724,N,-74.03362,Y,"(40.61724, -74.03362)"
Kings,Bushwick Maria Hernandez Pk Farmers' Market,Knickerbocker Ave @ Starr & Suydam,Knickerbocker Avenue,Brooklyn,NY,11206,Michael Klidas,7184164597,http://www.riseboro.org,Saturday  9am-3pm,May 19-December 15,P/M,Y,Y,40.70257,N,-73.92497,Y,"(40.70257, -73.92497)"
Kings,Bushwick Rheingold Archway Farmers' Market,553 Bushwick Ave.,533 Bushwick Avenue,Brooklyn,NY,11206,Michael Klidas,7184164597,http://www.riseboro.org,Sunday  10am-4pm,May 20-December 16,P/M,Y,Y,40.69958,N,-73.93574,Y,"(40.69958, -73.93574)"
Kings,McGolrick Park Farmers' Market,"Inside McGolrick Park near Pavilion, Btw Driggs & Nassau Aves.",103 Russel Street,Brooklyn,NY,11222,Emily Lee,9149234837,http://www.downtoearthmarkets.com,Sunday  10am-4pm,May 6-November 18,P/M,Y,Y,40.72405,N,-73.94428,Y,"(40.72405, -73.94428)"
Kings,Project EATS Marcus Garvey Apartments Farm Stand,300 Chester St. & Dumont Ave,300 Chester Street,Brooklyn,NY,11212,Maryanne Speroni,2126121528,http://www.projectEATS.org,Wednesday 11am-5pm,June 13-November 13,P/M,Y,Y,40.66432,N,-73.91036,Y,"(40.66432, -73.91036)"
Lewis,Colwell's Farm Stand and Garden Center,6007 State Route 12 Glenfield,6007 State Route 12,Glenfield,NY,13343,Michael Colwell,3153767402,http://www.colwellsfarmmarket.com,"Mon-Sat  8am-7pm, Sunday  9am-6pm",April 1-December 24,P/M/X,Y,Y,43.71844,N,-75.41148,Y,"(43.71844, -75.41148)"
Lewis,Harrisville Farmers' Market,State Street  Harrisville,State Street and Main Street,Harrisville,NY,13648,Laura La Platney,3157771689,,Saturday  9am-4pm,May 26-October 27,P/M,Y,N,44.14849,N,-75.31571,Y,"(44.14849, -75.31571)"
Livingston,Dansville Farmers' Market,50 Maple St.,50 Maple St,Dansville,NY,14437,Gary Roth,5853352963,http://ragingwindsfarmmarket.com/?page_id=9,Friday  11am-4pm,May 25-October 5,P/M,Y,Y,42.56606,N,-77.70838,Y,"(42.56606, -77.70838)"
Livingston,Mount Morris Farmers' Market,103 Main St.,103 Main Street,Mount Morris,NY,14510,Anna Spencer,5854479185,https://www.facebook.com/mountmorrisfarmersmarket/,Friday  12pm-6pm,May 25-September 28,P/M,Y,N,42.7245,N,-77.87333,Y,"(42.7245, -77.87333)"
Madison,Cazenovia Farmers Market,Memorial Park Albany St./US 20,48 Albany St. Memorial Park,Cazenovia,NY,13035,Aileen Randolph,3154154426,http://www.cazenoviachamber.com,Saturday  9am-2pm,May 12-October 27,P/M,Y,N,42.92975,N,-75.85456,Y,"(42.92975, -75.85456)"
Madison,Cazenovia WINTER Farmers' Market,"American Legion Hall, 26 Chenango St",26 Chenango Street,Cazenovia,NY,13035,Aileen Randolph,3154154426,http://www.cazenoviachamber.com,3rd Saturday  10am-1pm,November 18 -April 21,M/X/W/P,N,N,42.92467,N,-75.85168,Y,"(42.92467, -75.85168)"
Madison,Cottage Lawn Farmers' Market,"435 Main St., Madison Co. Historical Society Oneida",435 Main St.,Oneida,NY,13421,Mary Patricia,3153633028,https://www.mchs1900.org/farmers-market,Tuesday  3pm-7pm,June 5-September 4,P/M,Y,N,43.08719,N,-75.64705,Y,"(43.08719, -75.64705)"
Madison,Parry's Hardware WINTER Farmers' Market,100 Utica Street Hamilton,100 Utica Street,Hamilton,NY,13346,Gwenn Werner,3158240002,http://www.parryshamilton.com,2nd Sat  10am-1pm,November-April,M/X/W/P,N,N,42.832844,N,-75.548027,Y,"(42.832844, -75.548027)"
Madison,Village of Hamilton Farmers' Market,Village Green 3 Broad St.,Broad St and Payne St,Hamilton,NY,13346,Kim Taranto,3158241111,http://www.hamilton-ny.gov,Saturday  8am-1pm,May 5-October 27,P/M,Y,N,42.82684,N,-75.54436,Y,"(42.82684, -75.54436)"
Monroe,Brighton Farmers' Market,Brighton High School lot  1150 Winton Rd. South,1150 Winton Rd South,Rochester,NY,14618,Sue Gardner-Smith,5852698918,http://www.brightonfarmersmarket.org,Sunday  9am-1pm,May 13-November 18,P/M,Y,Y,43.12204,Y,-77.56808,Y,"(43.12204, -77.56808)"
Monroe,Irondequoit Farmers' Market,Town Hall Lawn  1280 Titus Ave. Rochester,1280 Titus Ave,Rochester,NY,14617,Katrina Hall,5853367267,http://www.irondequoit.org,Thursday  4pm-8pm,May 24-October 18,P/M,Y,Y,43.21118,Y,-77.58154,Y,"(43.21118, -77.58154)"
Monroe,Kirby's Farm Market,9739 Ridge Road Brockport,9739 Ridge Rd,Brockport,NY,14420,Linda Kirby,5856372600,,"Mon-Sat 9am-7pm  , Sunday  10am-5pm",May 1-December 24,P/M/X,Y,N,43.25194,N,-77.98451,Y,"(43.25194, -77.98451)"
Monroe,Partyka Farms Farm Stand,1420 County Line Rd. Kendall,1420 County Line Rd.,Kendall,NY,14470,Lora Partyka,5857520258,http://www.partykafarms.com,Daily  9am-9pm,April 12-December 27,P/M/X,Y,Y,43.29811,N,-77.99548,Y,"(43.29811, -77.99548)"
Monroe,The Farmers Daughter Farm Stand,8089 W Ridge Rd.  Brockport,8089 W Ridge Rd.,Brockport,NY,14420,Clayton Christ,5854513267,http://www.thefarmersdaughterny.com,"Mon-Sat  9am-9pm, Sunday  10am-8pm",May 1-December 28,P/M/X,Y,N,43.23014,N,-77.91477,Y,"(43.23014, -77.91477)"
Monroe,Village of Fairport Farmers' Market,"58 S. Main St. parking lot, behind Bank of America",58 South Main St,Fairport,NY,14450,Fritz May,5854213209,http://www.fairportny.com,Saturday  7am-12pm,May 5-November 17,P/M,Y,N,43.09992,N,-77.44214,Y,"(43.09992, -77.44214)"
Montgomery,Fort Plain Farm Stand,Parking lot on 12 Willet St. Ft. Plain,12 Willet Street,Fort Plain,NY,13339,Annette Rorick,5189934271,,"Thursday  10am-4pm, Friday  10am-4pm",May 24-November 16,P/M,Y,N,42.9316,N,-74.62182,Y,"(42.9316, -74.62182)"
Montgomery,Haven of Hope Farm Stand,19 Cemetery St. Fonda,19 Cemetary Street,Fonda,NY,12068,Pat Brooking,5187701390,http://www.havenofhopefarm.org,"Mon-Fri 10am-4pm, Saturday  9am-4pm",March 1-December 24,W/P/M/X,Y,Y,42.95627,N,-74.36841,Y,"(42.95627, -74.36841)"
Montgomery,Radliff Hollow Farm Farm Stand,210 West Lykers Rd  Canajoharie,210 West Lykers Road,Canajoharie,NY,13317,Sara Radliff,5186734877,,Saturday  8am-6pm,May 1-November 1,P/M,Y,N,42.80151,N,-74.51329,Y,"(42.80151, -74.51329)"
Nassau,Kennedy Plaza Farmers' Market,1 West Chester St. at City Hall  Long Beach,1 West Chester St,Long Beach,NY,11561,Bernadette Martin,5166705311,http://www.ligreenmarket.org,Wed/Sun  9am-2pm,May 5-November 21,P/M,Y,Y,40.58943,Y,-73.66592,Y,"(40.58943, -73.66592)"
New York,57th Street Wednesday Greenmarket,Tenth Ave. btwn 57th & 58th Sts.,891 Tenth Ave,New York,NY,10019,Pam Knepper,2127887900,http://www.grownyc.org/greenmarket,Wednesday  8am-5pm,May 30-November 21,P/M,Y,Y,40.7695,N,-73.98841,Y,"(40.7695, -73.98841)"
New York,Chelsea Farmers' Market,383 W 23rd St. btw 8th & 9th Aves.,383 W 23rd Street,New York,NY,10011,Emily Lee,9149234837,http://www.downtoearthmarkets.com,Saturday  9am-4pm,May 5-December 15,P/M/X,Y,Y,40.74633,N,-74.00081,Y,"(40.74633, -74.00081)"
New York,Hudson Yards Farmers' Market,Hudson Boulevard Park,Hudson Boulevard Park,New York,NY,10001,Emily Lee,9149234837,http://www.downtoearthmarkets.com,Thursday  9am-6pm,May 10-November 15,P/M,Y,Y,40.74928,N,-73.99259,Y,"(40.74928, -73.99259)"
New York,Stuyvesant Town Greenmarket,14th St. Loop & Ave A South end of oval,1 Stuyvesant Oval,New York,NY,10009,Pam Knepper,2127887900,http://www.grownyc.org/greenmarket,Sun  9:30am-4:30pm,May 20-December 23,P/M/X,Y,Y,40.73146,N,-73.97875,Y,"(40.73146, -73.97875)"
Niagara,Lockport Community WINTER Farmers' Market,210 Walnut St.,210 Walnut Street,Lockport,NY,14094,Jessica Dittly,7164340212,http://www.lockportcommunitymarket.com,1st &3rd Saturday  10am-2pm,November 3-May 18,M/X/W/P,Y,Y,43.16982,Y,-78.68755,Y,"(43.16982, -78.68755)"
Niagara,Prudom Farms Farm Stand,2570 Carmen Rd. Middleport,2575 Carmen Road,Middleport,NY,14105,Lynne McAvoy,7165149645,http://www.prudomfarms.com,Daily  10am-dusk,March-December,W/P/M/X,Y,Y,43.28347,N,-78.48892,Y,"(43.28347, -78.48892)"
Oneida,Oneida County Public Market,"REA Wing  Union Station, 321 Main St. Downtown Utica",321 Main Street,Utica,NY,13501,Elizabeth Irons,3157983639,http://www.oneidacountymarket.com,Saturday  9am-1pm,May 19-October 27,P/M,Y,Y,43.10393,N,-75.2239,Y,"(43.10393, -75.2239)"
Oneida,Oneida County WINTER Public Market,"Inside Main Lobby Union Station, 321 Main Street Downtown Utica",321 Main Street,Utica,NY,13501,Elizabeth Irons,3157983639,http://www.oneidacountymarket.com,Alt Saturdays  9am-1pm,November 11-April 28,M/X/W/P,Y,Y,43.10393,Y,-75.2239,Y,"(43.10393, -75.2239)"
Oneida,Rome Downtown Farmers' Market,City Hall Green 198 N Washington Street,198 N Washington Street,Rome,NY,13440,Jake DiBari,3152717090,http://www.positivelyrome.com,Friday  12pm-6pm,June 15-October 5,P/M,Y,N,43.22396,N,-75.44779,Y,"(43.22396, -75.44779)"
Oneida,Wagner Farms Farm Stand 2,1122-1160 Erie Blvd. West  Rome,1122-1160 Erie Blvd. West,Rome,NY,13440,Ronald Wagner,3153395182,http://www.wagnerfarmsny.com,Friday  9am-6pm,May 11-October 26,P/M,Y,N,43.22401,N,-75.48476,Y,"(43.22401, -75.48476)"
Oneida,Whitesboro WINTER Farmers' Market,Dunham Public Library 76 Main St.,76 Main St.,Whitesboro,NY,13492,Susan Hansen,3157369734,,1st and 3rd Mon  3pm-7pm,October 17-April 17,M/X/W/P,N,N,43.121106,N,-75.289193,Y,"(43.121106, -75.289193)"
Onondaga,Baltimore Woods WINTER Farmers' Market,"Baltimore Woods Nature Center, 4007 Bishop Hill Road",4007 Bishop Hill Road,Marcellus,NY,13108,Sue Jones,3156731350,https://www.facebook.com/winterfarmersmarketatbaltimorewoods/,2nd Saturday  10am-1pm,November-April,M/X/W/P,N,N,42.964885,N,-76.344609,Y,"(42.964885, -76.344609)"
Onondaga,Bayberry Plaza Farmers' Market,Kinney lot 7608 Oswego Rd. Liverpool,7608 Oswego Rd,Liverpool,NY,13090,Coleen Tucker,3156521463,http://www.bayberryplaza.com,Wed  8am-2pm,May 2-October 31,P/M,Y,N,43.13779,N,-76.22602,Y,"(43.13779, -76.22602)"
Onondaga,Brownson Family Farm Farm Stand,8149 Bridgeport Kirkville Rd. Kirkville,8149 Bridgeport Kirkville Rd,Kirkville,NY,13082,James A Brownson,3156562025,http://www.brownsonfamilyfarm.com,Daily  9am-6pm,April 1-December 31,P/M/X,Y,N,43.11657,N,-75.95328,Y,"(43.11657, -75.95328)"
Onondaga,Emmi's Farm Market-Baldwinsville,1482 West Genesee Rd Baldwinsville,1482 West Genesee Rd.,Baldwinsville,NY,13027,Anthony Emmi,3153743577,http://www.emmifarms.com,"Mon-Sat  9am-6pm, Sunday  10am-6pm",May 1-October 31,P/M,Y,N,43.16899,N,-76.40302,Y,"(43.16899, -76.40302)"
Onondaga,Fayetteville Farmers' Market,Fayetteville Town Ctr 504 Burdick St.,504 Burdick Street,Fayetteville,NY,13066,Lacey Cashman,3013351434,http://www.fayettevillefarmersmarketcny.com,Thursday  12pm-6pm,May 10-October 25,P/M,Y,N,43.02764,N,-76.01608,Y,"(43.02764, -76.01608)"
Onondaga,Gillie Brook Farm Stand,6147 Gillie Brook Rd.  Memphis,6147 Gillie Brook Road,Memphis,NY,13112,Robert Nogash,3156723706,http://www.gilliefarms.com,"Sat  12pm-3pm, Sun  11am-3pm, Wed  8am-3pm (summer only)",May-January,P/M/X/W,Y,Y,43.07172,N,-76.35375,Y,"(43.07172, -76.35375)"
Onondaga,Skaeneateles Farmer's Market-Saturday,1 East Austin St. Austin Park Pavilion,1 East Austin Street,Pavilion,NY,13152,Sue Murphy,3157279320,,Saturday 10am-1pm,May 19-October 13,P/M,Y,N,42.95091,N,-76.43045,Y,"(42.95091, -76.43045)"
Onondaga,Skaneateles Farmers' Market-Thursday,1 East Austin St. Austin Park Pavilion,One E. Austin St,Skaneateles,NY,13152,Sue Murphy,3157279320,http://www.townofskaneateles.com,Thurs 3:30pm-6:30pm,May 17-November 15,P/M,Y,N,42.95089,N,-76.4309,Y,"(42.95089, -76.4309)"
Ontario,Canandaigua WINTER Farmers' Market,"Antis St. Parkling lot, Behind Byrne Dairy",Antis St.,Canandaigua,NY,14424,Rich Riedman,5853946597,,"Every other Sat  , 10am-11am",November 3-May 25,M/X/W/P,N,N,42.88362,N,-77.2801,Y,"(42.88362, -77.2801)"
Orange,Cornwall WINTER Farmers' Market,Cornwall Senior Center 40 Munger Dr,395 Hudson St. (address for library-ctr is behind library),Cornwall,NY,12518,Carrie Sabins,8457755574,,1st & 3rd Sat  10am-2pm,November-April,M/X/W/P,N,N,41.441816,N,-74.02609,Y,"(41.441816, -74.02609)"
Orange,Goshen Farmers' Market,Goshen Village Square on Main st,Main St and Church St,Goshen,NY,10924,Diana Lupinski,8452947741,http://www.goshennychamber.com,Friday  10am-5pm,May 18-October 26,P/M,Y,N,41.40219,N,-74.32408,Y,"(41.40219, -74.32408)"
Orange,Pine Bush Farmers' Market,62 Main St lot behind Crawford Cultural Center,New and Main Streets,Pine Bush,NY,12566,Douglas Drossell,8452170785,http://www.pinebushfarmersmarket.com,Saturday  9am-2pm,May 26-November 17,P/M,Y,N,41.60918,N,-74.3005,Y,"(41.60918, -74.3005)"
Orange,Warwick Valley Farmers' Market,South St. parking lot,South St and Bank St,Warwick,NY,10990,Penny Steyer,8459860043,http://www.warwickvalleyfarmersmarket.org,Sunday  9am-2pm,May 13-November 18,P/M,Y,Y,41.25656,Y,-74.35858,Y,"(41.25656, -74.35858)"
Orleans,Circle R Farm Market,13490 Roosevelt Highway  Waterport,13490 Roosevelt Highway,Waterport,NY,14571,Laurie Gregori,5856824435,,Daily  9am-8pm,May 23-October 30,P/M,Y,N,43.36049,N,-78.24848,Y,"(43.36049, -78.24848)"
Orleans,Lori's Market Basket Farm Stand,51 State St.  Holley,51 State Street,Holley,NY,14470,Lori Passarell,5853310708,,Daily  10am-6pm,May 1-November 30,P/M,Y,N,43.22135,N,-78.02329,Y,"(43.22135, -78.02329)"
Orleans,Navarras Farm Market and Greenhouses,3272 Eagle Harbor Road,3272 Eagle Harbor Road,Albion,NY,14411,Amanda Mrzyuka,5855917767,,"Mon-Sat 9am-8pm, Sunday 9am-5pm",April 30-December 31,P/M/X,Y,N,43.18941,N,-78.25422,Y,"(43.18941, -78.25422)"
Orleans,Watt Farms Country Market,3121 Oak Orchard Rd. Albion,3121 Oak Orchard Rd,Albion,NY,14411,Karen Watt,5855898000,http://www.wattfarms.com,"Daily  9am-9pm, hours change after Sept",April 15-December 24,P/M/X,Y,N,43.265158,N,-78.192266,Y,"(43.265158, -78.192266)"
Oswego,Fulton Farmers' Market,South First Street,South First Street,Fulton,NY,13069,Sara Broadwell,3153437681,,Saturday  8am-12pm,May 26-October 13,P/M,Y,Y,43.3111,N,-76.40499,Y,"(43.3111, -76.40499)"
Oswego,Oswego Farmers' Market,West 1st btwn Bridge & W. Oneida St.,West Bridge St and West 1st St,Oswego,NY,13126,Sara Broadwell,3153437681,http://facebook.com/oswegofarmmarket,Thursday  4:30pm-8pm,May 24-October 11,P/M,Y,Y,43.45656,N,-76.51127,Y,"(43.45656, -76.51127)"
Otsego,Morris Farmers' Market,"Guy Rathbon Park Main St., behind Firehouse",Main St and Church St,Morris,NY,13808,Paul Tourtellotte,6072635423,,Thursday  3pm-6pm,May 17-October 11,P/M,Y,N,42.54813,N,-75.24686,Y,"(42.54813, -75.24686)"
Otsego,Oneonta Farmers' Market,Muller Plaza 205 Main St. (Rt. 7),205 Main Street,Oneonta,NY,13820,Meg Kennedy,6072938128,http://www.oneontafarmersmarket.org,Saturday  9am-1pm,May 5-October 27,P/M,Y,N,42.45417,N,-75.06173,Y,"(42.45417, -75.06173)"
Putnam,Cold Spring Farmers' Market,Boscobel House & Gardens  1601 Rt 9D Garrison,1601 State Route 9D,Garrison,NY,10516,Zoe Markwalter,8452029733,http://www.csfarmmarket.org,Sat  8:30am-1:30pm,May 5-November 17,P/M,Y,Y,41.41403,Y,-73.93809,Y,"(41.41403, -73.93809)"
Putnam,Cold Spring WINTER Farmers' Market,"St. Mary's Church Parish Hall, 1 Chestnut Street",1 Chestnut St,Cold Spring,NY,10516,Zoe Markwalter,8452029733,http://www.csfarmmarket.org,Saturday  9:30am-1:30pm,November 24-April 27,M/X/W/P,N,Y,41.419897,N,-73.954688,Y,"(41.419897, -73.954688)"
Queens,Brooklyn Grange Farm Stand,37-18 Northern Blvd. (rooftop) Long Island City,37-18 Northern Blvd.,Long Island City,NY,11101,Stephanie Diaz,6466250318,http://www.brooklyngrange.com,Saturday  11am-4pm,May 19-October 28,P/M,Y,N,40.75201,N,-73.92583,Y,"(40.75201, -73.92583)"
Queens,Cunningham Park Farmers' Market,"Parking lot of Park northeast corner, Union Turnpike & 196 Place",196-10 Union Turnpike,Fresh Meadows,NY,11366,Emily Lee,9149234837,http://www.downtoearthmarkets.com,Sunday  9am-2pm,May 6-November 18,P/M,Y,Y,40.73088,N,-73.77467,Y,"(40.73088, -73.77467)"
Queens,Edgemere Farm Stand,385 Beach 45th St. Far Rockaway,385 Beach 45th Street,Queens,NY,11691,Mathew Sheehan,6466701655,http://www.edgemerefarm.org,Saturday  10am-2pm,May 12-November 24,P/M,Y,N,40.59536,N,-73.77654,Y,"(40.59536, -73.77654)"
Queens,Queens County Farm Museum Farm Stand,73-50 Little Neck Parkway Floral Park,73-50 Little Neck Parkway,Queens,NY,11004,Jennifer Griffith,7183473276,http://www.queensfarm.org,"Wed-Fri  11am-3pm, Sat/Sun  11am-4pm",May 16-November 4,P/M,Y,Y,40.74818,N,-73.72124,Y,"(40.74818, -73.72124)"
Rensselaer,Capital Roots Produce Project Farm Stand,261 8th Street Troy,261 8th Street,Troy,NY,12180,Nell Roberts,5182748685,http://www.capitalroots.org,Tuesday  4pm-6pm,May 1-October 30,P/M,Y,Y,42.73697,N,-73.68247,Y,"(42.73697, -73.68247)"
Rensselaer,Kristy's Barn Farm Stand,2385 Brookview Rd Castleton,2385 Brookview Road,Castleton,NY,12033,Kenneth Johnson,5183399402,http://www.kristysbarn.com,"Mon-Sat  9am-7pm, Sunday  10am-5pm",May 1-November 24,P/M,Y,N,42.56495,N,-73.70495,Y,"(42.56495, -73.70495)"
Rensselaer,Troy Waterfront Farmers' Market,282 River Street  Monument Square,282 River St,Troy,NY,12180,Liz Comitale,5187084216,http://www.troymarket.org,Saturday  9am-2pm,May 5-October 27,P/M,Y,Y,42.73214,Y,-73.6905,Y,"(42.73214, -73.6905)"
Rensselaer,Troy Waterfront WINTER Farmers' Market,"Uncle Sam Atrium, Downtown Troy, 49 4th Street",49 4th Street,Troy,NY,12180,Liz Comitale,5187084216,http://www.troymarket.org,Saturday  9am-2pm,November 3-April 27,M/X/W/P,Y,Y,42.73196,Y,-73.68893,Y,"(42.73196, -73.68893)"
Richmond,Staten Island Mall Greenmarket,Marsh Ave. and Ring Rd. Commuter Lot,2655 Richmond Ave,Staten Island,NY,10314,Pam Knepper,2127887900,http://www.grownyc.org/greenmarket,Saturday  8am-3pm,May 19-December 22,P/M/X,Y,Y,40.58199,N,-74.16607,Y,"(40.58199, -74.16607)"
Rockland,Clarkstown Farmers' Market,131 Germonds Rd. W. Nyack Traphagen Pk,131 Germonds Rd.,West Nyack,NY,10958,Elaine Apfelbaum,8456396200,,Saturday  9am-2pm,May 19-October 13,P/M,Y,N,41.11677,N,-73.9864,Y,"(41.11677, -73.9864)"
Rockland,Clarkstown Indoor WINTER Market,"6 Gilchrest Rd., Congers Community Center",6 Gilchrest Road,Congers,NY,10920,Elaine Apfelbaum,8456396200,,Saturday  10am-1pm,November 11-May 12,M/X/W/P,N,N,41.13742,N,-73.9401,Y,"(41.13742, -73.9401)"
Rockland,Haverstraw Farmers' Market,40 New Main St Haverstraw Village Hall,New Main St and Maple Ave,Haverstraw,NY,10927,Mariely Urena,8454290300,https://voh-ny.com/faq/,Sunday  9am-1pm,June 3-October 31,P/M,Y,N,41.19639,N,-73.96645,Y,"(41.19639, -73.96645)"
Rockland,Nyack Farmers' Market,Main St. Municipal Parking Lot,Main St and Franklin St,Nyack,NY,10960,Pam Moskowitz,8454943408,http://www.nyackchamber.org,Thursday  8am-2pm,April 5-November 29,P/M,Y,Y,41.09154,Y,-73.9216,Y,"(41.09154, -73.9216)"
Rockland,Piermont Farmers' Market,527 Piermont Ave. in M & T Bank lot,527 Piermont Ave,Piermont,NY,10968,Kate Cascone,9149234837,http://www.downtoearthmarkets.com,Sunday  9am-3pm,April 22-November 18,P/M,Y,Y,41.04136,Y,-73.91642,Y,"(41.04136, -73.91642)"
Saratoga,Saratoga Farmers' Market-Saturday,High Rock Park on High Rock Avenue,High Rock Ave and York Street,Saratoga Springs,NY,12866,Justine Denison,5186642510,http://www.saratogafarmersmarket.com,Saturday  9am-1pm,May 1-October 31,P/M,Y,Y,43.08552,Y,-73.78121,Y,"(43.08552, -73.78121)"
Saratoga,Saratoga Farmers' Market-Wednesday,High Rock Park on High Rock Avenue,High Rock Ave and York Street,Saratoga Springs,NY,12866,Justine Denison,5186642510,,Wednesday  3pm-6pm,May 1-October 31,P/M,N,Y,43.08552,Y,-73.78121,Y,"(43.08552, -73.78121)"
Saratoga,Saratoga WINTER Farmers' Market,Lincoln Baths bldg Saratoga Spa State Park,65 South Broadway,Saratoga,NY,12866,Justine Denison,5186642510,http://www.saratogafarmersmarket.org/saratoga-farmers-market/,Saturday  9am-1pm,November 3-April 27,M/X/W/P,Y,Y,43.06464,Y,-73.79044,Y,"(43.06464, -73.79044)"
Saratoga,The Farmer's Wagon Farm Stand,corner of Grooms & Moe Rd  Clifton Park,Grooms Road & Moe Road,Clifton Park,NY,12065,Kevin Bowman,5188583306,,Daily 9am-5pm,May 15-October 20,P/M,Y,N,42.84034,N,-73.79385,Y,"(42.84034, -73.79385)"
Schenectady,Schenectady City Hall Farmers' Market,105 Jay St. City Hall,Franklin St and Jay St,Schenectady,NY,12305,Steve Feeney,5183862225,http://www.schenectadycounty.com/farmersmarket,Thu  9:30am-1:30pm,May 3-November 1,P/M,Y,Y,42.81378,Y,-73.94032,Y,"(42.81378, -73.94032)"
Schenectady,Schenectady Greenmarket,105 Jay St. near City Hall,Franklin St and Jay St,Schenectady,NY,12305,Erika Baer,5189860318,http://www.schenectadygreenmarket.org,Sunday  10am-2pm,May 6-October 28,P/M,Y,Y,42.81372,Y,-73.94015,Y,"(42.81372, -73.94015)"
Schenectady,Schenectady WINTER Greenmarket,"Proctors Theater, 432 State St.",432 State St.,Schenectady,NY,12305,Erika Baer,5189860318,http://www.schenectadygreenmarket.org,Sunday  10am-2pm,November 4-April 28,M/X/W/P,Y,Y,42.812373,Y,-73.941802,Y,"(42.812373, -73.941802)"
Schoharie,Jefferson Farmers' Market,221 Cremery St. Jefferson,221 Cremery St.,Jefferson,NY,12093,Lisa Cerar,6318070071,https://www.facebook.com/Jefferson-NY-Farmers-Market-1982994021967209/,Saturday  9am-12pm,May 26-October 6,P/M,Y,Y,42.48069,N,-74.6133,Y,"(42.48069, -74.6133)"
Schoharie,Parsons Vegetable Farm Farm Stand,756 US Highway 20 Sharon Springs,756 US Highway 20,Sharon Springs,NY,13459,Kenyon Parsons,5182842330,,Daily  10am-6pm,May 20-December 24,P/M/X,Y,N,42.78332,N,-74.60004,Y,"(42.78332, -74.60004)"
Schoharie,Serenity Valley Farm Farm Stand,115 Staleyville Rd  Sharon Springs,115 Staleyville Road,Sharon Springs,NY,13459,Lora Newell,5182698460,,Daily  7am-9pm,April 1-November 15,P/M,Y,N,42.81095,N,-74.59711,Y,"(42.81095, -74.59711)"
Schoharie,The Carrot Barn,"Schoharie Valley Farms, 5605 State Route 30",5605 State Route 30,Schoharie,NY,12157,Shirley Ball,5182957139,http://www.schoharievalleyfarms.com/,Daily 9am-6pm,March 1-December 24,W/P/M/X,Y,N,42.68477,N,-74.29692,Y,"(42.68477, -74.29692)"
Schuyler,Montour Falls Farmers' Market,300 West Main Street  Montour Falls,300 West Main Street,Montour Falls,NY,14685,Roxanne Leyes,6075357489,,Thursday  4pm-7pm,May 3-October 4,P/M,Y,Y,42.34629,Y,-76.84783,Y,"(42.34629, -76.84783)"
Schuyler,Watkins Glen Farmers' Market,Lafayette Park,Fifth St and Porter St,Watkins Glen,NY,14891,Jylle Benson-Gauss,6075462351,,Friday  3pm-7pm,May 25-October 26,P/M,Y,N,42.38096,N,-76.86954,Y,"(42.38096, -76.86954)"
St. Lawrence,Canton Farmers' Market,Village Green Park  Main St.,Main St and Park St,Canton,NY,13617,Sherry Long,9032352197,http://www.cantonnychamber.org,Tue/Fri  9am-2pm,May 11-October 30,P/M,Y,Y,44.59564,N,-75.16921,Y,"(44.59564, -75.16921)"
St. Lawrence,Circle G Farm Farm Stand,705 CR 7 at Turner Rd Hammond,705 County Route 7,Hammond,NY,13646,George & MaryEllen Blatchley,3155784003,,Sunday 1pm-4pm,May 13-October 14,P/M,Y,N,44.47353,N,-75.55463,Y,"(44.47353, -75.55463)"
St. Lawrence,Martin's Farm Stand,11 Needham Rd. Potsdam,11 Needham Rd.,Potsdam,NY,13676,Daniel Martin,3152651246,http://www.martinsfarmstand.com,Mon-Sat  10am-6pm,May 7-November 22,P/M,Y,Y,44.67107,N,-74.90401,Y,"(44.67107, -74.90401)"
St. Lawrence,Potsdam Main Street Farmers' Market,Main St. near Ives Park adjacent to Clarkson Inn,Main St and Union St,Potsdam,NY,13676,Jennifer McAvoy,3155282454,http://www.facebook.com/thepotsdamfarmersmarket,Saturday  9am-2pm,May 12-October 27,P/M,Y,Y,44.66865,N,-74.98493,Y,"(44.66865, -74.98493)"
St. Lawrence,Whitten Family Farm Stand,1101 Cty 49 Winthrop,1101 County Road 49,Winthrop,NY,13697,Cherie Whitten,3153285559,http://www.whittenfamilyfarm.com,"Monday  10am-7pm, Tuesday  10am-1pm",June 4-October 2,P/M,Y,N,44.75203,N,-74.752,Y,"(44.75203, -74.752)"
Steuben,Bath Saturday Farmers' Market,Pulteney Park Steuben St.,Steuben St and Liberty St,Bath,NY,14810,Phillip Glosick,6077763577,,Saturday  9am-2pm,May 5-October 27,P/M,Y,N,42.33353,N,-77.31842,Y,"(42.33353, -77.31842)"
Steuben,Bath Wednesday Farmers' Market,Pulteney Square Park Steuben St.,Steuben St and Liberty St,Bath,NY,14810,David Clarke,6073294159,https://www.facebook.com/bathnyfarmersmarket/,Wednesday  9am-3pm,May 9-October 31,P/M,Y,Y,42.33353,N,-77.31842,Y,"(42.33353, -77.31842)"
Steuben,Dave's Produce Farm Stand,6719 State Route 415 S Bath,6719 State Route 415 South,Bath,NY,14810,David Hyer,6077947043,,"Daily  9am-6pm, Nov-Dec  10am-5pm",April 20-December 24,P/M/X,Y,N,42.32583,N,-77.29073,Y,"(42.32583, -77.29073)"
Steuben,Painted Post Farmers' Market,277 Steuben Street,277 Steuben Street,Painted Post,NY,14870,Cathy Halm,6075278730,http://www.facebook.com/paintedpostfarmersmarket,Saturday  10am-2pm,May 19-October 27,P/M,Y,N,42.16134,N,-77.0919,Y,"(42.16134, -77.0919)"
Steuben,Painted Post WINTER Market,225 Steuben Street,227 Steuben Street,Painted Post,NY,14870,Cathy Halm,6075278730,http://www.facebook.com/paintedpostfarmersmarket,Alt Sat  11am-3pm,November 3-March 16,M/X/W/P,Y,N,42.16067,N,-77.09283,Y,"(42.16067, -77.09283)"
Suffolk,East Hampton Farmers' Market,Nick & Toni's lot 136 N. Main St.,136 North Main St,East Hampton,NY,11937,Katherine Plumb,6317259133,https://www.facebook.com/East-Hampton-Farmers-Market-177816025660504/,Friday  9am-1pm,May 18-September 7,P/M,Y,Y,40.97017,Y,-72.18133,Y,"(40.97017, -72.18133)"
Suffolk,Fink's Country Farm Stand,6242 Middle Country Rd.  Manorville,6242 Middle Country Rd.,Manorville,NY,11949,Michelle A. Fink,6318862272,http://www.finksfarm.com/Farm-Stand-Long-Island.html,"Mon-Fri  9am-6pm, Sat/Sun  8am-6pm",May 1-Dec 25,P/M/X,Y,N,40.91269,N,-72.83796,Y,"(40.91269, -72.83796)"
Suffolk,Hampton Bays Farmers' Market,165 Ponquogue Ave. St. Mary's Church,165 Ponquogue Ave,Hampton Bays,NY,11946,Paula Godfrey,6317456160,http://www.stmaryshb.org,Saturday  9am-1pm,May 26-September 1,P/M,Y,N,40.8593,N,-72.51301,Y,"(40.8593, -72.51301)"
Suffolk,HOG Farm Stand-Brookhaven,319 Beaver Dam Rd. Brookhaven,319 Beaver Dam Rd.,Brookhaven,NY,11719,Lauren Napoli,6317902561,http://hamletorganicgarden.org,Saturday 9am-1pm,May-November,P/M,Y,N,40.77329,N,-72.90525,Y,"(40.77329, -72.90525)"
Suffolk,Rocky Point Farmers & Artisan Market,Old Depot Park Prince & Broadway,115 Prince Road,Rocky Point,NY,11778,Virginia Heslin,6317445787,http://www.rockypointfarmersmarket.org;www.rockypointfarmersmarket.wordpress.com,Sunday  8am-1pm,May 27-November 18,P/M,Y,N,40.94927,N,-72.92391,Y,"(40.94927, -72.92391)"
Suffolk,Schneider's Farm Stand,316 Old Country Rd.  Melville,316 Old Country Road,Melville,NY,11747,Mary Schneider,6316735844,http://www.schneidersfarmmelville.com,Daily  9am-6pm,April 26-December 24,P/M/X,Y,N,40.80186,N,-73.39911,Y,"(40.80186, -73.39911)"
Sullivan,Barryville Farmers' Market,"3385 Route 97  Barryville, behind river market",3385 Route 97,Barryville,NY,12719,Greg Swartz,5709820050,http://www.barryvillefarmersmarket.com,Saturday  10am-1pm,May 19-October 27,P/M,Y,N,41.47819,N,-74.91367,Y,"(41.47819, -74.91367)"
Sullivan,Callicoon Farmers' Market,Callicoon Creek Park  A Dorrer Drive,A Dorrer Drive,Callicoon,NY,12723,Scott Goodman,8459328492,http://www.callicoonfarmersmarket.org,Sunday  11am-2pm,May 6-November 11,P/M,Y,N,41.76559,N,-75.05797,Y,"(41.76559, -75.05797)"
Sullivan,Callicoon WINTER Farmers' Market,"Delaware Youth Center, 8 Creamery Road Callicoon",8 Creamery Road,Callicoon,NY,12723,Scott Goodman,8459328492,http://callicoonfarmersmarket.org/,Sunday  11am-2pm,November 4-April 28,M/X/W/P,N,Y,41.76418,N,-75.05712,Y,"(41.76418, -75.05712)"
Sullivan,Kauneonga Lake Farmers' Market,"Kauneonga Lake Fireman's Pavilion , 3594 State Route 55",3594 State Route 55,Kauneonga Lake,NY,12749,Scott Goodman,8459328492,http://www.kauneongalakefarmersmarket.org,Saturday  10am-1pm,May 26-October 6,P/M,Y,N,41.68587,N,-74.83132,Y,"(41.68587, -74.83132)"
Sullivan,Narrowsburg Farmers' Market,7 Erie St.  The Narrowsburg Union,7 Erie Street,Narrowsburg,NY,12764,Scott Goodman,8459328492,http://www.narrowsburgfarmersmarket.org,Saturday  11am-2pm,May 26-October 6,P/M,Y,N,41.6076,N,-75.05881,Y,"(41.6076, -75.05881)"
Sullivan,Roscoe Farmers' Market,"Old Route 17 Rockland Road (Rt 206), Near Reynolds House Inn & Motel",1934 Old Route 17,Roscoe,NY,12776,Anne Marie Dennis,6074985665,https://www.facebook.com/events/1735555463393559,Sunday 10am-2pm,May 13-October 7,P/M,Y,N,41.93282,N,-74.91236,Y,"(41.93282, -74.91236)"
Tompkins,Brooktondale Farmers' Market,"Brooktondale Community Center, 522 Valley Rd. Brooktondale",522 Brooktondale Road,Brooktondale,NY,14817,Carine Kenyon,6075397927,,Tuesday  4pm-7pm,May 1-October 23,P/M,Y,N,42.38185,N,-76.39376,Y,"(42.38185, -76.39376)"
Tompkins,Ithaca Farmers' Market (Dewitt Park Tue),Dewitt Park Cayuga St.,North Cayuga St and East Buffalo St,Ithaca,NY,14850,Becca Rimmel,6072737109,http://www.ithacamarket.com,Tuesday  9am-2pm,May 1-October 23,P/M,Y,Y,42.44131,Y,-76.49911,Y,"(42.44131, -76.49911)"
Tompkins,Ithaca Farmers' Market (East Hill Wed),East Hill Plaza 380 Pine Tree Rd.,380 Pine Tree Road,Ithaca,NY,14850,Becca Rimmel,6072737109,http://www.ithacamarket.com,Wednesday  4pm-7pm,May 2-October 24,P/M,Y,Y,42.4385,Y,-76.46559,Y,"(42.4385, -76.46559)"
Tompkins,Ithaca Farmers' Market (Steamboat Sat),"Steamboat Landing, 545 Third St. Extension off Rt. 13",545 Third Street,Ithaca,NY,14850,Becca Rimmel,6072737109,http://www.ithacamarket.com,Saturday  9am-3pm,April 7-December 22,P/M/X,Y,Y,42.44958,Y,-76.50785,Y,"(42.44958, -76.50785)"
Tompkins,Ithaca Farmers' Market (Steamboat Sun),"Steamboat Landing, 545 Third St. Extension off Rt. 13",545 Third Street,Ithaca,NY,14850,Becca Rimmel,6072737109,http://www.ithacamarket.com,Sunday  10am-3pm,April 7-December 22,P/M/X,Y,Y,42.44958,Y,-76.50782,Y,"(42.44958, -76.50782)"
Tompkins,Trumansburg Farmers' Market,69-71 W Main St.,69-71 W Main St.,Trumansburg,NY,14886,Elaine Springer,7063714034,http://www.tburgfarmersmarket.com,Wednesday  4pm-7pm,May 9-October 24,P/M,Y,N,42.54336,Y,-76.66737,Y,"(42.54336, -76.66737)"
Ulster,Kingston Farmers' Market,Old Dutch Church 272 Wall Street,Wall St and John St,Kingston,NY,12401,Katy Kondrat,3477217386,http://www.kingstonfarmersmarket.org,Saturday  9am-2pm,May 12-November 17,P/M,Y,Y,41.93384,Y,-74.01968,Y,"(41.93384, -74.01968)"
Ulster,Kingston WINTER Farmers' Market,"Bethany Hall Old Dutch Church, 272 Wall Street corner Wall & Main St.",272 Wall Street,Kingston,NY,12401,Katy Kondrat,3477217386,http://www.kingstonfarmersmarket.org,Alt Saturdays  10am-2pm,December-April,X/W/P,N,Y,41.93286,Y,-74.01884,Y,"(41.93286, -74.01884)"
Ulster,Rosendale WINTER Farmers' Market,"Rosendale Recreation Center, 1055 State Route 32",1055 State Route 32,Rosendale,NY,12472,Megan Sperry,9179306726,http://www.facebook.com/pages/Rosendale-Farmers-Market/232869283220,"2nd and 4th Sunday  10am-2pm , Closed Dec 24th and Feb 25th",December-April,X/W/P,N,Y,41.842373,Y,-74.075752,Y,"(41.842373, -74.075752)"
Ulster,Saugerties Farmers' Market,115 Main St.,115 Main Street,Saugerties,NY,12477,Judith Spektor,9177415524,http://saugertiesfarmersmarket.com,Saturday  10am-2pm,May 26-October 27,P/M,Y,Y,42.07901,Y,-73.94894,Y,"(42.07901, -73.94894)"
Ulster,Woodstock Farm Festival Farmers' Market,6 Maple Lane,6 Maple Ln,Woodstock,NY,12498,Sharon Burns-leader,8452744080,http://www.woodstockfarmfestival.com,Wednesday  3pm-8pm,May 30-October 17,P/M,Y,Y,42.04018,Y,-74.11797,Y,"(42.04018, -74.11797)"
Warren,Glens Falls Farmers' Market,South Street Market Pavilion,25 South Street,Glens Falls,NY,12801,Richard Sandora,5187920438,http://www.gffma.com,Saturday  8am-12pm,May 5-October 27,P/M,Y,Y,43.3099,Y,-73.64699,Y,"(43.3099, -73.64699)"
Warren,Glens Falls WINTER Farmers' Market,Sanford Street School 10 Sanford St.,10 Sanford Street,Glens Falls,NY,12801,Richard Sandora,5187920438,http://www.glensfallsfarmersmarket.com,Saturday  9am-12pm,November 4-April 28,M/X/W/P,Y,Y,43.3173,N,-73.65347,Y,"(43.3173, -73.65347)"
Warren,Warrensburgh Riverfront Farmers' Market,"Warrenburgh Mills Historic District, Rt 418 (River St.) near Curtis Lumber",176 River Street,Warrensburg,NY,12811,Teresa Whalen,5184665497,http://www.localharvest.org/warrensburgh-riverfront-farmers-market-M22857,Friday  3pm-6pm,May 25-October 5,P/M,Y,N,43.48876,N,-73.77828,Y,"(43.48876, -73.77828)"
Washington,Cambridge Valley Farmers' Market,"4 Broad Street, Green Space across from the Co-op",4 Broad Street,Cambridge,NY,12816,Lindsay Fisk,5185389467,,Sunday  10am-2pm,May 20-October 28,P/M,Y,N,43.02833,N,-73.38093,Y,"(43.02833, -73.38093)"
Washington,Stannard Farm Stand,2275 State Route 22,2275 State Route 22,Cambridge,NY,12816,James & Melissa Stannard,5187914681,,Daily  9am-6pm,April 1-December 23,P/M/X,Y,N,43.05562,N,-73.37243,Y,"(43.05562, -73.37243)"
Westchester,Bronxville Farmers' Market,1 Stone Place & Paxton Ave,1 Stone Place,Bronxville,NY,10708,Pascale Le Draoulec,9144788068,http://www.bronxvillefarmersmarket.com,Saturday  8:30am-1pm,May 12-November 17,P/M,Y,N,40.94076,N,-73.83693,Y,"(40.94076, -73.83693)"
Westchester,Chappaqua Farmers' Market,Chappaqua Train Station 108 Allen Pl,108 Allen Place,Chappaqua,NY,10514,Pascale Le Draoulec,9144788068,http://chappaquafarmersmarket.org,Saturday  8:30am-1pm,May 12-November 17,P/M,Y,N,41.158667,N,-73.774039,Y,"(41.158667, -73.774039)"
Westchester,Chappaqua WINTER Farmers' Market,"First Congregational Church , 210 Orchard Ridge Rd",210 Orchard Ridge Rd,Chappaqua,NY,10514,Pascale Le Draoulec,9144788068,http://www.chappaquafarmersmarket.org,1st Saturday of month  9am-1pm,January-April,W/P,N,N,41.165823,N,-73.761292,Y,"(41.165823, -73.761292)"
Westchester,Hastings WINTER Farmers' Market,"Hastings Community Center, 44 Main St.",44 Main St.,Hastings,NY,13036,Pascale Le Draoulec,9144788068,http://www.hastingsfarmersmarket.org,1st and 3rd Saturday  9am-1pm,Dec-May,X/W/P,N,Y,43.29237,N,-76.14928,Y,"(43.29237, -76.14928)"
Westchester,Hilltop Hanover Farm Farm Stand,1271 Hanover St Yorktown Heights,1271 Hanover St,Yorktown heights,NY,10598,Susan Hubbard,9149622368,http://www.hilltophanoverfarm.org,"Friday  1pm-6pm, Sat/Sun  10am-4pm",May 4-November 20,P/M,Y,N,41.25159,N,-73.7724,Y,"(41.25159, -73.7724)"
Westchester,John Jay Homestead Farmers' Market,400 Jay St. Katonah,400 Jay St.,Katonah,NY,10536,Vanessa Pahucki,9179513588,http://www.johnjayhomestead.org,Saturday  10am-2pm,May 12-October 27,P/M,Y,N,41.24819,N,-73.65956,Y,"(41.24819, -73.65956)"
Westchester,Larchmont Farmers' Market,Metro North pkng lot 122 Myrtle Blvd.,122 Myrtle Blvd.,Larchmont,NY,10538,Kate Cascone,9149234837,http://www.downtoearthmarkets.com,Saturday  8:30am-1pm,April 21-December 29,P/M/X,Y,Y,40.93543,Y,-73.75946,Y,"(40.93543, -73.75946)"
Westchester,Mamaroneck WINTER Farmers' Market,"Saint Thomas Episcopal Church, 168 W. Boston Post Rd.",168 W. Boston Post Rd.,Mamaroneck,NY,10543,Frankie Rowland,9149234837,http://www.downtoearthmarkets.com,Saturday  9am-1pm,January 6-April 15,W/P,N,N,40.948085,N,-73.734649,Y,"(40.948085, -73.734649)"
Westchester,Muscoot Farmers' Market,"Muscoot Farm 51 Route 100, Katonah",51 Route 100,Katonah,NY,10536,Michelle Nicolosi,9148647286,http://www.muscootfarm.org,Sun  9:30am-2:30pm,May 13-November 11,P/M,N,N,41.261,N,-73.72325,Y,"(41.261, -73.72325)"
Westchester,Ossining Farmers' Market,Market Square 100 Main Street,100 Main Street,Ossining,NY,10562,Kate Cascone,9149234837,http://www.downtoearthmarkets.com,Saturday  8:30am-1pm,April 21-December 29,P/M/X,Y,Y,41.16105,Y,-73.86351,Y,"(41.16105, -73.86351)"
Westchester,Ossining WINTER Farmers' Market,Spring and Main Streets,Spring and Main Streets,Ossining,NY,10562,Kate Cascone,9149234837,http://www.downtoearthmarkets.com,Saturday  9am-1pm,January 6-May12,W/P,N,Y,41.16104,Y,-73.86351,Y,"(41.16104, -73.86351)"
Westchester,Peekskill Farmers' Market,1 Bank St. Downtown btwn Park & Main St.,1 Bank St,Peekskill,NY,10566,Corinna Makris,9144184920,http://www.peekskillfarmersmarket.com,Saturday  8am-2pm,April 21-November 17,P/M,Y,N,41.29096,N,-73.91902,Y,"(41.29096, -73.91902)"
Westchester,Peekskill WINTER Farmers' Market,925 South St.,925 South St.,Peekskill,NY,10566,Corinna Makris,9144184920,http://www.peekskillfarmersmarket.com,Saturday  9am-2pm,January 5-April 15,W/P,N,N,41.29106,N,-73.92264,Y,"(41.29106, -73.92264)"
Westchester,Pleasantville Farmers' Market,"Memorial Plaza parking lot, off Manville Rd. next to Train Station",Manville Rd and Wheeler Ave,Pleasantville,NY,10570,Steven Bates,9142054545,http://www.pleasantvillefarmersmarket.org,Saturday  8:30am-1pm,April 7-November 17,P/M,Y,Y,41.13526,N,-73.79218,Y,"(41.13526, -73.79218)"
Westchester,Port Chester Farmers' Market,Highland St. Parking Lot,Highland Park,Port Chester,NY,10506,Lance Larsen,9142811272,http://www.portchesterfarmersmarket.com,Sunday  10am-2pm,May 13-November 18,P/M,Y,N,41.00503,N,-73.66197,Y,"(41.00503, -73.66197)"
Westchester,Rye Farmers' Market,"Parking lot on Theodore Fremd Ave., Behind Purchase Street Stores",9 Theodore Fremd Ave,Rye,NY,10580,Kate Cascone,9149234837,http://www.downtoearthmarkets.com,Sunday  8:30am-2pm,May 13-December 2,P/M/X,Y,Y,40.98485,Y,-73.68464,Y,"(40.98485, -73.68464)"
Westchester,Scarsdale WINTER Farmers' Market,"24-26 Harwood Court, Harwood Building",24-26 Harwood Court,Scarsdale,NY,10583,Corinna Makris,9144184920,https://www.facebook.com/scarsdalefarmersmarket/,Thursday  11am-5pm,November 30-April 26,M/X/W/P,N,N,40.98905,N,-73.80708,Y,"(40.98905, -73.80708)"
Westchester,Tarrytown & Sleepy Hollow (TaSH) Farmers' Market,Patriots Park Route 9,Patriots Park Route 9,Sleepy Hollow,NY,10591,Linda Eder,9144717437,http://www.tashfarmersmarket.org,Sat  8:30am-2pm,May 26-November 17,P/M,Y,Y,41.08525,N,-73.85924,Y,"(41.08525, -73.85924)"
Westchester,White Plains (International) Sat Farmers' Market,125 Court St.  btwn Martine Ave. & Main St.,125 Court St,White Plains,NY,10601,Johanna Safar,9143181067,http://www.bensidounusa.com,Saturday  8am-2pm,May 19-November 17,P/M,Y,N,41.02952,N,-73.7663,Y,"(41.02952, -73.7663)"
Westchester,White Plains (International) Wed Farmers' Market,125 Court St.  btwn Martine Ave. & Main St.,125 Court St,White Plains,NY,10601,Johanna Safar,9143181067,http://www.bensidounusa.com,Wednesday  8am-4pm,April 25-November 25,P/M,Y,N,41.02944,N,-73.76659,Y,"(41.02944, -73.76659)"
Wyoming,Farm & Artisan Market at the Villa,Artisan Villa  140 North Main St.  Warsaw,140 North Main Street,Warsaw,NY,14569,Ashley Milhollen,5857868766,http://www.marketatthevilla.com,Thursday  2pm-6pm,May 31-October 11,P/M,Y,N,42.74311,N,-78.13256,Y,"(42.74311, -78.13256)"
Yates,The Windmill Farmers' Market,3900 Route 14A at Hobson Road in Penn Yan,3900 State Route 14A,Penn Yan,NY,14527,Stephen D. Wilson,3155215513,http://www.thewindmill.com,Saturday  8am-4:30pm,April 28-December 8,P/M/X,Y,N,42.57687,N,-77.03609,Y,"(42.57687, -77.03609)"
Yates,Yates County Co-op Farm & Craft Market,Sidewalk Main St.  Penn Yan,Main St and Elm St,Penn Yan,NY,14527,Rivka Davis,6072435234,http://facebook.com/PennYan.Farmers.Market,Saturday  8am-12pm,May 26-September 29,P/M,Y,N,42.66095,N,-77.05365,Y,"(42.66095, -77.05365)"
